{"totalItems":390,"totalPages":1,"currentPage":1,"items":[{"municipalityId":"140","provinceId":"48","nameEs":"Abadiño","nameEu":"Abadiño"},{"municipalityId":"141","provinceId":"48","nameEs":"Abanto y Ciérvana-Abanto Zierbena","nameEu":"Abanto y Ciérvana-Abanto Zierbena"},{"municipalityId":"257","provinceId":"31","nameEs":"Ablitas","nameEu":"Ablitas"},{"municipalityId":"253","provinceId":"31","nameEs":"Abárzuza","nameEu":"Abárzuza"},{"municipalityId":"53","provinceId":"20","nameEs":"Aduna","nameEu":"Aduna"},{"municipalityId":"54","provinceId":"20","nameEs":"Aia","nameEu":"Aia"},{"municipalityId":"260","provinceId":"31","nameEs":"Aibar/Oibar","nameEu":"Aibar/Oibar"},{"municipalityId":"542","provinceId":"-3","nameEs":"Ainhoa ","nameEu":"Ainhoa "},{"municipalityId":"55","provinceId":"20","nameEs":"Aizarnazabal","nameEu":"Aizarnazabal"},{"municipalityId":"56","provinceId":"20","nameEs":"Albiztur","nameEu":"Albiztur"},{"municipalityId":"1","provinceId":"1","nameEs":"Alegría-Dulantzi","nameEu":"Alegría-Dulantzi"},{"municipalityId":"58","provinceId":"20","nameEs":"Alkiza","nameEu":"Alkiza"},{"municipalityId":"143","provinceId":"48","nameEs":"Alonsotegi","nameEu":"Alonsotegi"},{"municipalityId":"547","provinceId":"-3","nameEs":"Alos-Sibas-Abense ","nameEu":"Aloze-Ziboze-Onizegaine "},{"municipalityId":"263","provinceId":"31","nameEs":"Altsasu/Alsasua","nameEu":"Altsasu/Alsasua"},{"municipalityId":"59","provinceId":"20","nameEs":"Altzaga","nameEu":"Altzaga"},{"municipalityId":"60","provinceId":"20","nameEs":"Altzo","nameEu":"Altzo"},{"municipalityId":"550","provinceId":"-3","nameEs":"Amendeuix-Oneix ","nameEu":"Amenduze-Unaso "},{"municipalityId":"61","provinceId":"20","nameEs":"Amezketa","nameEu":"Amezketa"},{"municipalityId":"144","provinceId":"48","nameEs":"Amorebieta-Etxano","nameEu":"Amorebieta-Etxano"},{"municipalityId":"145","provinceId":"48","nameEs":"Amoroto","nameEu":"Amoroto"},{"municipalityId":"2","provinceId":"1","nameEs":"Amurrio","nameEu":"Amurrio"},{"municipalityId":"62","provinceId":"20","nameEs":"Andoain","nameEu":"Andoain"},{"municipalityId":"266","provinceId":"31","nameEs":"Andosilla","nameEu":"Andosilla"},{"municipalityId":"552","provinceId":"-3","nameEs":"Anglet ","nameEu":"Angelu "},{"municipalityId":"63","provinceId":"20","nameEs":"Anoeta","nameEu":"Anoeta"},{"municipalityId":"267","provinceId":"31","nameEs":"Ansoáin/Antsoain","nameEu":"Ansoáin/Antsoain"},{"municipalityId":"64","provinceId":"20","nameEs":"Antzuola","nameEu":"Antzuola"},{"municipalityId":"270","provinceId":"31","nameEs":"Aoiz/Agoitz","nameEu":"Aoiz/Agoitz"},{"municipalityId":"271","provinceId":"31","nameEs":"Araitz","nameEu":"Araitz"},{"municipalityId":"65","provinceId":"20","nameEs":"Arama","nameEu":"Arama"},{"municipalityId":"4","provinceId":"1","nameEs":"Aramaio","nameEu":"Aramaio"},{"municipalityId":"274","provinceId":"31","nameEs":"Aranguren","nameEu":"Aranguren"},{"municipalityId":"276","provinceId":"31","nameEs":"Arantza","nameEu":"Arantza"},{"municipalityId":"560","provinceId":"-3","nameEs":"Arcangues ","nameEu":"Arrangoitze "},{"municipalityId":"148","provinceId":"48","nameEs":"Areatza","nameEu":"Areatza"},{"municipalityId":"280","provinceId":"31","nameEs":"Arellano","nameEu":"Arellano"},{"municipalityId":"281","provinceId":"31","nameEs":"Areso","nameEu":"Areso"},{"municipalityId":"66","provinceId":"20","nameEs":"Aretxabaleta","nameEu":"Aretxabaleta"},{"municipalityId":"558","provinceId":"-3","nameEs":"Armendarits ","nameEu":"Armendaritze "},{"municipalityId":"5","provinceId":"1","nameEs":"Armiñón","nameEu":"Armiñón"},{"municipalityId":"6","provinceId":"1","nameEs":"Arraia-Maeztu","nameEu":"Arraia-Maeztu"},{"municipalityId":"149","provinceId":"48","nameEs":"Arrankudiaga","nameEu":"Arrankudiaga"},{"municipalityId":"67","provinceId":"20","nameEs":"Arrasate-Mondragon","nameEu":"Arrasate-Mondragon"},{"municipalityId":"150","provinceId":"48","nameEs":"Arratzu","nameEu":"Arratzu"},{"municipalityId":"7","provinceId":"1","nameEs":"Arrazua-Ubarrundia","nameEu":"Arrazua-Ubarrundia"},{"municipalityId":"151","provinceId":"48","nameEs":"Arrieta","nameEu":"Arrieta"},{"municipalityId":"152","provinceId":"48","nameEs":"Arrigorriaga","nameEu":"Arrigorriaga"},{"municipalityId":"288","provinceId":"31","nameEs":"Artajona","nameEu":"Artajona"},{"municipalityId":"289","provinceId":"31","nameEs":"Artazu","nameEu":"Artazu"},{"municipalityId":"153","provinceId":"48","nameEs":"Artea","nameEu":"Artea"},{"municipalityId":"154","provinceId":"48","nameEs":"Artzentales","nameEu":"Artzentales"},{"municipalityId":"8","provinceId":"1","nameEs":"Artziniega","nameEu":"Artziniega"},{"municipalityId":"565","provinceId":"-3","nameEs":"Ascain ","nameEu":"Azkaine "},{"municipalityId":"566","provinceId":"-3","nameEs":"Ascarat ","nameEu":"Azkarate "},{"municipalityId":"9","provinceId":"1","nameEs":"Asparrena","nameEu":"Asparrena"},{"municipalityId":"68","provinceId":"20","nameEs":"Asteasu","nameEu":"Asteasu"},{"municipalityId":"69","provinceId":"20","nameEs":"Astigarraga","nameEu":"Astigarraga"},{"municipalityId":"70","provinceId":"20","nameEs":"Ataun","nameEu":"Ataun"},{"municipalityId":"155","provinceId":"48","nameEs":"Atxondo","nameEu":"Atxondo"},{"municipalityId":"156","provinceId":"48","nameEs":"Aulesti","nameEu":"Aulesti"},{"municipalityId":"291","provinceId":"31","nameEs":"Auritz/Burguete","nameEu":"Auritz/Burguete"},{"municipalityId":"549","provinceId":"-3","nameEs":"Aussurucq ","nameEu":"Altzürükü "},{"municipalityId":"10","provinceId":"1","nameEs":"Ayala","nameEu":"Aiara"},{"municipalityId":"292","provinceId":"31","nameEs":"Ayegui/Aiegi","nameEu":"Ayegui/Aiegi"},{"municipalityId":"539","provinceId":"-3","nameEs":"Ayherre ","nameEu":"Aiherra "},{"municipalityId":"293","provinceId":"31","nameEs":"Azagra","nameEu":"Azagra"},{"municipalityId":"71","provinceId":"20","nameEs":"Azkoitia","nameEu":"Azkoitia"},{"municipalityId":"72","provinceId":"20","nameEs":"Azpeitia","nameEu":"Azpeitia"},{"municipalityId":"3","provinceId":"1","nameEs":"Añana","nameEu":"Añana"},{"municipalityId":"157","provinceId":"48","nameEs":"Bakio","nameEu":"Bakio"},{"municipalityId":"73","provinceId":"20","nameEs":"Baliarrain","nameEu":"Baliarrain"},{"municipalityId":"158","provinceId":"48","nameEs":"Balmaseda","nameEu":"Balmaseda"},{"municipalityId":"159","provinceId":"48","nameEs":"Barakaldo","nameEu":"Barakaldo"},{"municipalityId":"296","provinceId":"31","nameEs":"Barañáin","nameEu":"Barañáin"},{"municipalityId":"298","provinceId":"31","nameEs":"Barbarin","nameEu":"Barbarin"},{"municipalityId":"571","provinceId":"-3","nameEs":"Barcus ","nameEu":"Barkoxe "},{"municipalityId":"570","provinceId":"-3","nameEs":"Bardos ","nameEu":"Bardoze "},{"municipalityId":"160","provinceId":"48","nameEs":"Barrika","nameEu":"Barrika"},{"municipalityId":"12","provinceId":"1","nameEs":"Barrundia","nameEu":"Barrundia"},{"municipalityId":"301","provinceId":"31","nameEs":"Basaburua","nameEu":"Basaburua"},{"municipalityId":"161","provinceId":"48","nameEs":"Basauri","nameEu":"Basauri"},{"municipalityId":"568","provinceId":"-3","nameEs":"Bayonne ","nameEu":"Baiona "},{"municipalityId":"302","provinceId":"31","nameEs":"Baztan","nameEu":"Baztan"},{"municipalityId":"74","provinceId":"20","nameEs":"Beasain","nameEu":"Beasain"},{"municipalityId":"306","provinceId":"31","nameEs":"Bera","nameEu":"Bera"},{"municipalityId":"163","provinceId":"48","nameEs":"Berango","nameEu":"Berango"},{"municipalityId":"13","provinceId":"1","nameEs":"Berantevilla","nameEu":"Berantevilla"},{"municipalityId":"77","provinceId":"20","nameEs":"Berastegi","nameEu":"Berastegi"},{"municipalityId":"78","provinceId":"20","nameEs":"Bergara","nameEu":"Bergara"},{"municipalityId":"308","provinceId":"31","nameEs":"Beriáin","nameEu":"Beriáin"},{"municipalityId":"164","provinceId":"48","nameEs":"Bermeo","nameEu":"Bermeo"},{"municipalityId":"14","provinceId":"1","nameEs":"Bernedo","nameEu":"Bernedo"},{"municipalityId":"165","provinceId":"48","nameEs":"Berriatua","nameEu":"Berriatua"},{"municipalityId":"309","provinceId":"31","nameEs":"Berrioplano","nameEu":"Berriobeiti"},{"municipalityId":"310","provinceId":"31","nameEs":"Berriozar","nameEu":"Berriozar"},{"municipalityId":"166","provinceId":"48","nameEs":"Berriz","nameEu":"Berriz"},{"municipalityId":"79","provinceId":"20","nameEs":"Berrobi","nameEu":"Berrobi"},{"municipalityId":"311","provinceId":"31","nameEs":"Bertizarana","nameEu":"Bertizarana"},{"municipalityId":"579","provinceId":"-3","nameEs":"Biarritz ","nameEu":"Biarritz "},{"municipalityId":"581","provinceId":"-3","nameEs":"Bidart ","nameEu":"Bidarte "},{"municipalityId":"80","provinceId":"20","nameEs":"Bidegoian","nameEu":"Bidegoian"},{"municipalityId":"167","provinceId":"48","nameEs":"Bilbao","nameEu":"Bilbao"},{"municipalityId":"578","provinceId":"-3","nameEs":"Briscous ","nameEu":"Beskoitze "},{"municipalityId":"317","provinceId":"31","nameEs":"Burlada/Burlata","nameEu":"Burlada/Burlata"},{"municipalityId":"168","provinceId":"48","nameEs":"Busturia","nameEu":"Busturia"},{"municipalityId":"576","provinceId":"-3","nameEs":"Béhorléguy ","nameEu":"Behorlegi "},{"municipalityId":"635","provinceId":"-3","nameEs":"Cambo-les-Bains ","nameEu":"Kanbo "},{"municipalityId":"15","provinceId":"1","nameEs":"Campezo","nameEu":"Kanpezu"},{"municipalityId":"321","provinceId":"31","nameEs":"Caparroso","nameEu":"Caparroso"},{"municipalityId":"323","provinceId":"31","nameEs":"Carcastillo","nameEu":"Carcastillo"},{"municipalityId":"326","provinceId":"31","nameEs":"Castejón","nameEu":"Castejón"},{"municipalityId":"688","provinceId":"-3","nameEs":"Ciboure ","nameEu":"Ziburu "},{"municipalityId":"329","provinceId":"31","nameEs":"Cintruénigo","nameEu":"Cintruénigo"},{"municipalityId":"330","provinceId":"31","nameEs":"Cirauqui/Zirauki","nameEu":"Cirauqui/Zirauki"},{"municipalityId":"332","provinceId":"31","nameEs":"Cizur","nameEu":"Cizur"},{"municipalityId":"333","provinceId":"31","nameEs":"Corella","nameEu":"Corella"},{"municipalityId":"334","provinceId":"31","nameEs":"Cortes","nameEu":"Cortes"},{"municipalityId":"81","provinceId":"20","nameEs":"Deba","nameEu":"Deba"},{"municipalityId":"169","provinceId":"48","nameEs":"Derio","nameEu":"Derio"},{"municipalityId":"335","provinceId":"31","nameEs":"Desojo","nameEu":"Desojo"},{"municipalityId":"170","provinceId":"48","nameEs":"Dima","nameEu":"Dima"},{"municipalityId":"590","provinceId":"-3","nameEs":"Domezain-Berraute ","nameEu":"Domintxaine-Berroeta "},{"municipalityId":"337","provinceId":"31","nameEs":"Donamaria","nameEu":"Donamaria"},{"municipalityId":"338","provinceId":"31","nameEs":"Doneztebe/Santesteban","nameEu":"Doneztebe/Santesteban"},{"municipalityId":"82","provinceId":"20","nameEs":"Donostia / San Sebastián","nameEu":"Donostia / San Sebastián"},{"municipalityId":"171","provinceId":"48","nameEs":"Durango","nameEu":"Durango"},{"municipalityId":"172","provinceId":"48","nameEs":"Ea","nameEu":"Ea"},{"municipalityId":"340","provinceId":"31","nameEs":"Egüés","nameEu":"Egüés"},{"municipalityId":"83","provinceId":"20","nameEs":"Eibar","nameEu":"Eibar"},{"municipalityId":"16","provinceId":"1","nameEs":"Elburgo","nameEu":"Burgelu"},{"municipalityId":"17","provinceId":"1","nameEs":"Elciego","nameEu":"Elciego"},{"municipalityId":"84","provinceId":"20","nameEs":"Elduain","nameEu":"Elduain"},{"municipalityId":"85","provinceId":"20","nameEs":"Elgeta","nameEu":"Elgeta"},{"municipalityId":"86","provinceId":"20","nameEs":"Elgoibar","nameEu":"Elgoibar"},{"municipalityId":"342","provinceId":"31","nameEs":"Elgorriaga","nameEu":"Elgorriaga"},{"municipalityId":"174","provinceId":"48","nameEs":"Elorrio","nameEu":"Elorrio"},{"municipalityId":"18","provinceId":"1","nameEs":"Elvillar","nameEu":"Bilar"},{"municipalityId":"175","provinceId":"48","nameEs":"Erandio","nameEu":"Erandio"},{"municipalityId":"344","provinceId":"31","nameEs":"Eratsun","nameEu":"Eratsun"},{"municipalityId":"177","provinceId":"48","nameEs":"Ermua","nameEu":"Ermua"},{"municipalityId":"87","provinceId":"20","nameEs":"Errenteria","nameEu":"Errenteria"},{"municipalityId":"88","provinceId":"20","nameEs":"Errezil","nameEu":"Errezil"},{"municipalityId":"178","provinceId":"48","nameEs":"Errigoiti","nameEu":"Errigoiti"},{"municipalityId":"89","provinceId":"20","nameEs":"Eskoriatza","nameEu":"Eskoriatza"},{"municipalityId":"350","provinceId":"31","nameEs":"Estella-Lizarra","nameEu":"Estella-Lizarra"},{"municipalityId":"351","provinceId":"31","nameEs":"Esteribar","nameEu":"Esteribar"},{"municipalityId":"602","provinceId":"-3","nameEs":"Etchebar ","nameEu":"Etxebarre "},{"municipalityId":"353","provinceId":"31","nameEs":"Etxalar","nameEu":"Etxalar"},{"municipalityId":"354","provinceId":"31","nameEs":"Etxarri-Aranatz","nameEu":"Etxarri-Aranatz"},{"municipalityId":"355","provinceId":"31","nameEs":"Etxauri","nameEu":"Etxauri"},{"municipalityId":"179","provinceId":"48","nameEs":"Etxebarri","nameEu":"Etxebarri"},{"municipalityId":"90","provinceId":"20","nameEs":"Ezkio-Itsaso","nameEu":"Ezkio-Itsaso"},{"municipalityId":"361","provinceId":"31","nameEs":"Falces","nameEu":"Falces"},{"municipalityId":"362","provinceId":"31","nameEs":"Fitero","nameEu":"Fitero"},{"municipalityId":"182","provinceId":"48","nameEs":"Fruiz","nameEu":"Fruiz"},{"municipalityId":"91","provinceId":"20","nameEs":"Gabiria","nameEu":"Gabiria"},{"municipalityId":"431","provinceId":"31","nameEs":"Galar","nameEu":"Galar"},{"municipalityId":"183","provinceId":"48","nameEs":"Galdakao","nameEu":"Galdakao"},{"municipalityId":"184","provinceId":"48","nameEs":"Galdames","nameEu":"Galdames"},{"municipalityId":"185","provinceId":"48","nameEs":"Gamiz-Fika","nameEu":"Gamiz-Fika"},{"municipalityId":"186","provinceId":"48","nameEs":"Garai","nameEu":"Garai"},{"municipalityId":"187","provinceId":"48","nameEs":"Gatika","nameEu":"Gatika"},{"municipalityId":"188","provinceId":"48","nameEs":"Gautegiz Arteaga","nameEu":"Gautegiz Arteaga"},{"municipalityId":"93","provinceId":"20","nameEs":"Gaztelu","nameEu":"Gaztelu"},{"municipalityId":"189","provinceId":"48","nameEs":"Gernika-Lumo","nameEu":"Gernika-Lumo"},{"municipalityId":"94","provinceId":"20","nameEs":"Getaria","nameEu":"Getaria"},{"municipalityId":"190","provinceId":"48","nameEs":"Getxo","nameEu":"Getxo"},{"municipalityId":"191","provinceId":"48","nameEs":"Gizaburuaga","nameEu":"Gizaburuaga"},{"municipalityId":"374","provinceId":"31","nameEs":"Goizueta","nameEu":"Goizueta"},{"municipalityId":"192","provinceId":"48","nameEs":"Gordexola","nameEu":"Gordexola"},{"municipalityId":"193","provinceId":"48","nameEs":"Gorliz","nameEu":"Gorliz"},{"municipalityId":"377","provinceId":"31","nameEs":"Guesálaz/Gesalatz","nameEu":"Guesálaz/Gesalatz"},{"municipalityId":"611","provinceId":"-3","nameEs":"Guéthary ","nameEu":"Getaria "},{"municipalityId":"194","provinceId":"48","nameEs":"Güeñes","nameEu":"Güeñes"},{"municipalityId":"616","provinceId":"-3","nameEs":"Hasparren ","nameEu":"Hazparne "},{"municipalityId":"618","provinceId":"-3","nameEs":"Hendaye ","nameEu":"Hendaia "},{"municipalityId":"95","provinceId":"20","nameEs":"Hernani","nameEu":"Hernani"},{"municipalityId":"96","provinceId":"20","nameEs":"Hernialde","nameEu":"Hernialde"},{"municipalityId":"97","provinceId":"20","nameEs":"Hondarribia","nameEu":"Hondarribia"},{"municipalityId":"380","provinceId":"31","nameEs":"Huarte/Uharte","nameEu":"Huarte/Uharte"},{"municipalityId":"617","provinceId":"-3","nameEs":"Hélette ","nameEu":"Heleta "},{"municipalityId":"98","provinceId":"20","nameEs":"Ibarra","nameEu":"Ibarra"},{"municipalityId":"99","provinceId":"20","nameEs":"Idiazabal","nameEu":"Idiazabal"},{"municipalityId":"196","provinceId":"48","nameEs":"Igorre","nameEu":"Igorre"},{"municipalityId":"385","provinceId":"31","nameEs":"Irañeta","nameEu":"Irañeta"},{"municipalityId":"624","provinceId":"-3","nameEs":"Irissarry ","nameEu":"Irisarri "},{"municipalityId":"625","provinceId":"-3","nameEs":"Irouléguy ","nameEu":"Irulegi "},{"municipalityId":"101","provinceId":"20","nameEs":"Irun","nameEu":"Irun"},{"municipalityId":"102","provinceId":"20","nameEs":"Irura","nameEu":"Irura"},{"municipalityId":"21","provinceId":"1","nameEs":"Iruraiz-Gauna","nameEu":"Iruraiz-Gauna"},{"municipalityId":"386","provinceId":"31","nameEs":"Irurtzun","nameEu":"Irurtzun"},{"municipalityId":"387","provinceId":"31","nameEs":"Isaba/Izaba","nameEu":"Isaba/Izaba"},{"municipalityId":"197","provinceId":"48","nameEs":"Ispaster","nameEu":"Ispaster"},{"municipalityId":"628","provinceId":"-3","nameEs":"Ispoure ","nameEu":"Izpura "},{"municipalityId":"629","provinceId":"-3","nameEs":"Isturits ","nameEu":"Izturitze "},{"municipalityId":"388","provinceId":"31","nameEs":"Ituren","nameEu":"Ituren"},{"municipalityId":"389","provinceId":"31","nameEs":"Iturmendi","nameEu":"Iturmendi"},{"municipalityId":"627","provinceId":"-3","nameEs":"Itxassou ","nameEu":"Itsasu "},{"municipalityId":"198","provinceId":"48","nameEs":"Iurreta","nameEu":"Iurreta"},{"municipalityId":"199","provinceId":"48","nameEs":"Izurtza","nameEu":"Izurtza"},{"municipalityId":"201","provinceId":"48","nameEs":"Kortezubi","nameEu":"Kortezubi"},{"municipalityId":"23","provinceId":"1","nameEs":"Kuartango","nameEu":"Kuartango"},{"municipalityId":"24","provinceId":"1","nameEs":"Labastida","nameEu":"Bastida"},{"municipalityId":"25","provinceId":"1","nameEs":"Lagrán","nameEu":"Lagrán"},{"municipalityId":"26","provinceId":"1","nameEs":"Laguardia","nameEu":"Laguardia"},{"municipalityId":"651","provinceId":"-3","nameEs":"Laguinge-Restoue ","nameEu":"Liginaga-Astüe "},{"municipalityId":"402","provinceId":"31","nameEs":"Lakuntza","nameEu":"Lakuntza"},{"municipalityId":"403","provinceId":"31","nameEs":"Lana","nameEu":"Lana"},{"municipalityId":"27","provinceId":"1","nameEs":"Lanciego","nameEu":"Lantziego"},{"municipalityId":"28","provinceId":"1","nameEs":"Lantarón","nameEu":"Lantarón"},{"municipalityId":"643","provinceId":"-3","nameEs":"Larceveau-Arros-Cibits ","nameEu":"Larzabale-Arroze-Zibitze "},{"municipalityId":"203","provinceId":"48","nameEs":"Larrabetzu","nameEu":"Larrabetzu"},{"municipalityId":"406","provinceId":"31","nameEs":"Larraga","nameEu":"Larraga"},{"municipalityId":"408","provinceId":"31","nameEs":"Larraun","nameEu":"Larraun"},{"municipalityId":"641","provinceId":"-3","nameEs":"Larressore ","nameEu":"Larresoro "},{"municipalityId":"105","provinceId":"20","nameEs":"Lasarte-Oria","nameEu":"Lasarte-Oria"},{"municipalityId":"204","provinceId":"48","nameEs":"Laukiz","nameEu":"Laukiz"},{"municipalityId":"106","provinceId":"20","nameEs":"Lazkao","nameEu":"Lazkao"},{"municipalityId":"648","provinceId":"-3","nameEs":"Lecumberry ","nameEu":"Lekunberri "},{"municipalityId":"108","provinceId":"20","nameEs":"Legazpi","nameEu":"Legazpi"},{"municipalityId":"109","provinceId":"20","nameEs":"Legorreta","nameEu":"Legorreta"},{"municipalityId":"31","provinceId":"1","nameEs":"Legutio","nameEu":"Legutio"},{"municipalityId":"110","provinceId":"20","nameEs":"Leintz-Gatzaga","nameEu":"Leintz-Gatzaga"},{"municipalityId":"205","provinceId":"48","nameEs":"Leioa","nameEu":"Leioa"},{"municipalityId":"413","provinceId":"31","nameEs":"Leitza","nameEu":"Leitza"},{"municipalityId":"206","provinceId":"48","nameEs":"Lekeitio","nameEu":"Lekeitio"},{"municipalityId":"414","provinceId":"31","nameEs":"Lekunberri","nameEu":"Lekunberri"},{"municipalityId":"207","provinceId":"48","nameEs":"Lemoa","nameEu":"Lemoa"},{"municipalityId":"417","provinceId":"31","nameEs":"Lerín","nameEu":"Lerín"},{"municipalityId":"546","provinceId":"-3","nameEs":"Les Aldudes ","nameEu":"Aldude "},{"municipalityId":"418","provinceId":"31","nameEs":"Lesaka","nameEu":"Lesaka"},{"municipalityId":"32","provinceId":"1","nameEs":"Leza","nameEu":"Leza"},{"municipalityId":"209","provinceId":"48","nameEs":"Lezama","nameEu":"Lezama"},{"municipalityId":"111","provinceId":"20","nameEs":"Lezo","nameEu":"Lezo"},{"municipalityId":"649","provinceId":"-3","nameEs":"Lichans-Sunhar ","nameEu":"Lexantzü-Zünharre "},{"municipalityId":"650","provinceId":"-3","nameEs":"Licq-Athérey ","nameEu":"Ligi-Atherei "},{"municipalityId":"112","provinceId":"20","nameEs":"Lizartza","nameEu":"Lizartza"},{"municipalityId":"30","provinceId":"1","nameEs":"Llodio","nameEu":"Laudio"},{"municipalityId":"422","provinceId":"31","nameEs":"Lodosa","nameEu":"Lodosa"},{"municipalityId":"210","provinceId":"48","nameEs":"Loiu","nameEu":"Loiu"},{"municipalityId":"424","provinceId":"31","nameEs":"Los Arcos","nameEu":"Los Arcos"},{"municipalityId":"653","provinceId":"-3","nameEs":"Louhossoa ","nameEu":"Luhuso "},{"municipalityId":"425","provinceId":"31","nameEs":"Lumbier","nameEu":"Lumbier"},{"municipalityId":"655","provinceId":"-3","nameEs":"Macaye ","nameEu":"Makea "},{"municipalityId":"211","provinceId":"48","nameEs":"Mallabia","nameEu":"Mallabia"},{"municipalityId":"436","provinceId":"31","nameEs":"Marcilla","nameEu":"Marcilla"},{"municipalityId":"213","provinceId":"48","nameEs":"Markina-Xemein","nameEu":"Markina-Xemein"},{"municipalityId":"214","provinceId":"48","nameEs":"Maruri-Jatabe","nameEu":"Maruri-Jatabe"},{"municipalityId":"657","provinceId":"-3","nameEs":"Mauléon-Licharre ","nameEu":"Maule-Lextarre "},{"municipalityId":"212","provinceId":"48","nameEs":"Mañaria","nameEu":"Mañaria"},{"municipalityId":"434","provinceId":"31","nameEs":"Mañeru","nameEu":"Mañeru"},{"municipalityId":"113","provinceId":"20","nameEs":"Mendaro","nameEu":"Mendaro"},{"municipalityId":"216","provinceId":"48","nameEs":"Mendexa","nameEu":"Mendexa"},{"municipalityId":"440","provinceId":"31","nameEs":"Mendigorría","nameEu":"Mendigorría"},{"municipalityId":"646","provinceId":"-3","nameEs":"Mendionde ","nameEu":"Lekorne "},{"municipalityId":"217","provinceId":"48","nameEs":"Meñaka","nameEu":"Meñaka"},{"municipalityId":"444","provinceId":"31","nameEs":"Miranda de Arga","nameEu":"Miranda de Arga"},{"municipalityId":"218","provinceId":"48","nameEs":"Morga","nameEu":"Morga"},{"municipalityId":"219","provinceId":"48","nameEs":"Mundaka","nameEu":"Mundaka"},{"municipalityId":"220","provinceId":"48","nameEs":"Mungia","nameEu":"Mungia"},{"municipalityId":"449","provinceId":"31","nameEs":"Murchante","nameEu":"Murchante"},{"municipalityId":"452","provinceId":"31","nameEs":"Murillo el Fruto","nameEu":"Murillo el Fruto"},{"municipalityId":"665","provinceId":"-3","nameEs":"Musculdy ","nameEu":"Muskildi "},{"municipalityId":"223","provinceId":"48","nameEs":"Muskiz","nameEu":"Muskiz"},{"municipalityId":"114","provinceId":"20","nameEs":"Mutiloa","nameEu":"Mutiloa"},{"municipalityId":"115","provinceId":"20","nameEs":"Mutriku","nameEu":"Mutriku"},{"municipalityId":"224","provinceId":"48","nameEs":"Muxika","nameEu":"Muxika"},{"municipalityId":"437","provinceId":"31","nameEs":"Mélida","nameEu":"Mélida"},{"municipalityId":"225","provinceId":"48","nameEs":"Nabarniz","nameEu":"Nabarniz"},{"municipalityId":"456","provinceId":"31","nameEs":"Noáin (Valle de Elorz)/ Noain (Elortzibar)","nameEu":"Noáin (Valle de Elorz)/ Noain (Elortzibar)"},{"municipalityId":"457","provinceId":"31","nameEs":"Obanos","nameEu":"Obanos"},{"municipalityId":"458","provinceId":"31","nameEs":"Ochagavía/Otsagabia","nameEu":"Ochagavía/Otsagabia"},{"municipalityId":"116","provinceId":"20","nameEs":"Oiartzun","nameEu":"Oiartzun"},{"municipalityId":"35","provinceId":"1","nameEs":"Okondo","nameEu":"Okondo"},{"municipalityId":"117","provinceId":"20","nameEs":"Olaberria","nameEu":"Olaberria"},{"municipalityId":"463","provinceId":"31","nameEs":"Olazti/Olazagutía","nameEu":"Olazti/Olazagutía"},{"municipalityId":"465","provinceId":"31","nameEs":"Olite/Erriberri","nameEu":"Olite/Erriberri"},{"municipalityId":"466","provinceId":"31","nameEs":"Ollo","nameEu":"Ollo"},{"municipalityId":"467","provinceId":"31","nameEs":"Olóriz/Oloritz","nameEu":"Olóriz/Oloritz"},{"municipalityId":"226","provinceId":"48","nameEs":"Ondarroa","nameEu":"Ondarroa"},{"municipalityId":"468","provinceId":"31","nameEs":"Orbaitzeta","nameEu":"Orbaitzeta"},{"municipalityId":"119","provinceId":"20","nameEs":"Ordizia","nameEu":"Ordizia"},{"municipalityId":"242","provinceId":"48","nameEs":"Orduña","nameEu":"Urduña"},{"municipalityId":"120","provinceId":"20","nameEs":"Orendain","nameEu":"Orendain"},{"municipalityId":"121","provinceId":"20","nameEs":"Orexa","nameEu":"Orexa"},{"municipalityId":"122","provinceId":"20","nameEs":"Orio","nameEu":"Orio"},{"municipalityId":"471","provinceId":"31","nameEs":"Orkoien","nameEu":"Orkoien"},{"municipalityId":"123","provinceId":"20","nameEs":"Ormaiztegi","nameEu":"Ormaiztegi"},{"municipalityId":"473","provinceId":"31","nameEs":"Oroz-Betelu/Orotz-Betelu","nameEu":"Oroz-Betelu/Orotz-Betelu"},{"municipalityId":"227","provinceId":"48","nameEs":"Orozko","nameEu":"Orozko"},{"municipalityId":"228","provinceId":"48","nameEs":"Ortuella","nameEu":"Ortuella"},{"municipalityId":"670","provinceId":"-3","nameEs":"Ossas-Suhare ","nameEu":"Ozaze-Zühara "},{"municipalityId":"667","provinceId":"-3","nameEs":"Ossès ","nameEu":"Ortzaize "},{"municipalityId":"630","provinceId":"-3","nameEs":"Ostabat-Asme ","nameEu":"Izura-Azme "},{"municipalityId":"36","provinceId":"1","nameEs":"Oyón-Oion","nameEu":"Oyón-Oion"},{"municipalityId":"118","provinceId":"20","nameEs":"Oñati","nameEu":"Oñati"},{"municipalityId":"476","provinceId":"31","nameEs":"Pamplona/Iruña","nameEu":"Pamplona/Iruña"},{"municipalityId":"124","provinceId":"20","nameEs":"Pasaia","nameEu":"Pasaia"},{"municipalityId":"477","provinceId":"31","nameEs":"Peralta/Azkoien","nameEu":"Peralta/Azkoien"},{"municipalityId":"480","provinceId":"31","nameEs":"Pitillas","nameEu":"Pitillas"},{"municipalityId":"230","provinceId":"48","nameEs":"Plentzia","nameEu":"Plentzia"},{"municipalityId":"231","provinceId":"48","nameEs":"Portugalete","nameEu":"Portugalete"},{"municipalityId":"481","provinceId":"31","nameEs":"Puente la Reina/Gares","nameEu":"Puente la Reina/Gares"},{"municipalityId":"483","provinceId":"31","nameEs":"Ribaforada","nameEu":"Ribaforada"},{"municipalityId":"38","provinceId":"1","nameEs":"Ribera Alta","nameEu":"Erriberagoitia"},{"municipalityId":"39","provinceId":"1","nameEs":"Ribera Baja","nameEu":"Erribera Beitia"},{"municipalityId":"485","provinceId":"31","nameEs":"Roncal / Erronkari","nameEu":"Roncal / Erronkari"},{"municipalityId":"567","provinceId":"-3","nameEs":"Saint-Etienne-de-Baïgorry ","nameEu":"Baigorri "},{"municipalityId":"594","provinceId":"-3","nameEs":"Saint-Jean-Pied-de-Port ","nameEu":"Donibane Garazi "},{"municipalityId":"595","provinceId":"-3","nameEs":"Saint-Jean-de-Luz ","nameEu":"Donibane Lohizune "},{"municipalityId":"593","provinceId":"-3","nameEs":"Saint-Jean-le-Vieux ","nameEu":"Donazaharre "},{"municipalityId":"591","provinceId":"-3","nameEs":"Saint-Just-Ibarre ","nameEu":"Donaixti-Ibarre "},{"municipalityId":"592","provinceId":"-3","nameEs":"Saint-Palais ","nameEu":"Donapaleu "},{"municipalityId":"693","provinceId":"-3","nameEs":"Saint-Pierre-d\\Irube","nameEu":"Hiriburu"},{"municipalityId":"675","provinceId":"-3","nameEs":"Saint-Pée-sur-Nivelle ","nameEu":"Senpere "},{"municipalityId":"40","provinceId":"1","nameEs":"Salvatierra","nameEu":"Agurain"},{"municipalityId":"41","provinceId":"1","nameEs":"Samaniego","nameEu":"Samaniego"},{"municipalityId":"489","provinceId":"31","nameEs":"San Adrián","nameEu":"San Adrián"},{"municipalityId":"490","provinceId":"31","nameEs":"San Martín de Unx","nameEu":"San Martín de Unx"},{"municipalityId":"42","provinceId":"1","nameEs":"San Millán","nameEu":"Donemiliaga"},{"municipalityId":"491","provinceId":"31","nameEs":"Sangüesa/Zangoza","nameEu":"Sangüesa/Zangoza"},{"municipalityId":"232","provinceId":"48","nameEs":"Santurtzi","nameEu":"Santurtzi"},{"municipalityId":"673","provinceId":"-3","nameEs":"Sare ","nameEu":"Sara "},{"municipalityId":"125","provinceId":"20","nameEs":"Segura","nameEu":"Segura"},{"municipalityId":"233","provinceId":"48","nameEs":"Sestao","nameEu":"Sestao"},{"municipalityId":"234","provinceId":"48","nameEs":"Sondika","nameEu":"Sondika"},{"municipalityId":"235","provinceId":"48","nameEs":"Sopela","nameEu":"Sopela"},{"municipalityId":"236","provinceId":"48","nameEs":"Sopuerta","nameEu":"Sopuerta"},{"municipalityId":"126","provinceId":"20","nameEs":"Soraluze-Placencia de las Armas","nameEu":"Soraluze-Placencia de las Armas"},{"municipalityId":"677","provinceId":"-3","nameEs":"Suhescun ","nameEu":"Suhuskune "},{"municipalityId":"499","provinceId":"31","nameEs":"Tafalla","nameEu":"Tafalla"},{"municipalityId":"564","provinceId":"-3","nameEs":"Tardets-Sorholus ","nameEu":"Atharratze-Sorholüze "},{"municipalityId":"500","provinceId":"31","nameEs":"Tiebas-Muruarte de Reta","nameEu":"Tiebas-Muruarte de Reta"},{"municipalityId":"127","provinceId":"20","nameEs":"Tolosa","nameEu":"Tolosa"},{"municipalityId":"238","provinceId":"48","nameEs":"Trucios-Turtzioz","nameEu":"Trucios-Turtzioz"},{"municipalityId":"504","provinceId":"31","nameEs":"Tudela","nameEu":"Tudela"},{"municipalityId":"239","provinceId":"48","nameEs":"Ubide","nameEu":"Ubide"},{"municipalityId":"240","provinceId":"48","nameEs":"Ugao-Miraballes","nameEu":"Ugao-Miraballes"},{"municipalityId":"508","provinceId":"31","nameEs":"Ujué","nameEu":"Ujué"},{"municipalityId":"241","provinceId":"48","nameEs":"Urduliz","nameEu":"Urduliz"},{"municipalityId":"681","provinceId":"-3","nameEs":"Urepel ","nameEu":"Urepele "},{"municipalityId":"43","provinceId":"1","nameEs":"Urkabustaiz","nameEu":"Urkabustaiz"},{"municipalityId":"128","provinceId":"20","nameEs":"Urnieta","nameEu":"Urnieta"},{"municipalityId":"514","provinceId":"31","nameEs":"Urraúl Alto","nameEu":"Urraúl Alto"},{"municipalityId":"129","provinceId":"20","nameEs":"Urretxu","nameEu":"Urretxu"},{"municipalityId":"683","provinceId":"-3","nameEs":"Urrugne ","nameEu":"Urruña "},{"municipalityId":"690","provinceId":"48","nameEs":"Usansolo","nameEu":"Usansolo"},{"municipalityId":"685","provinceId":"-3","nameEs":"Ustaritz ","nameEu":"Uztaritze "},{"municipalityId":"130","provinceId":"20","nameEs":"Usurbil","nameEu":"Usurbil"},{"municipalityId":"44","provinceId":"1","nameEs":"Valdegovía","nameEu":"Gaubea"},{"municipalityId":"19","provinceId":"1","nameEs":"Valle de Arana","nameEu":"Harana"},{"municipalityId":"200","provinceId":"48","nameEs":"Valle de Carranza","nameEu":"Karrantza Harana"},{"municipalityId":"243","provinceId":"48","nameEs":"Valle de Trápaga-Trapagaran","nameEu":"Valle de Trápaga-Trapagaran"},{"municipalityId":"521","provinceId":"31","nameEs":"Valle de Yerri/Deierri","nameEu":"Valle de Yerri/Deierri"},{"municipalityId":"522","provinceId":"31","nameEs":"Valtierra","nameEu":"Valtierra"},{"municipalityId":"523","provinceId":"31","nameEs":"Viana","nameEu":"Viana"},{"municipalityId":"131","provinceId":"20","nameEs":"Villabona","nameEu":"Villabona"},{"municipalityId":"45","provinceId":"1","nameEs":"Villabuena de Álava","nameEu":"Eskuernaga"},{"municipalityId":"525","provinceId":"31","nameEs":"Villafranca","nameEu":"Villafranca"},{"municipalityId":"528","provinceId":"31","nameEs":"Villava/Atarrabia","nameEu":"Villava/Atarrabia"},{"municipalityId":"661","provinceId":"-3","nameEs":"Villefranque ","nameEu":"Milafranga "},{"municipalityId":"46","provinceId":"1","nameEs":"Vitoria-Gasteiz","nameEu":"Vitoria-Gasteiz"},{"municipalityId":"529","provinceId":"31","nameEs":"Yesa","nameEu":"Yesa"},{"municipalityId":"530","provinceId":"31","nameEs":"Zabalza/Zabaltza","nameEu":"Zabalza/Zabaltza"},{"municipalityId":"244","provinceId":"48","nameEs":"Zaldibar","nameEu":"Zaldibar"},{"municipalityId":"132","provinceId":"20","nameEs":"Zaldibia","nameEu":"Zaldibia"},{"municipalityId":"48","provinceId":"1","nameEs":"Zalduondo","nameEu":"Zalduondo"},{"municipalityId":"245","provinceId":"48","nameEs":"Zalla","nameEu":"Zalla"},{"municipalityId":"49","provinceId":"1","nameEs":"Zambrana","nameEu":"Zambrana"},{"municipalityId":"246","provinceId":"48","nameEs":"Zamudio","nameEu":"Zamudio"},{"municipalityId":"247","provinceId":"48","nameEs":"Zaratamo","nameEu":"Zaratamo"},{"municipalityId":"133","provinceId":"20","nameEs":"Zarautz","nameEu":"Zarautz"},{"municipalityId":"248","provinceId":"48","nameEs":"Zeanuri","nameEu":"Zeanuri"},{"municipalityId":"249","provinceId":"48","nameEs":"Zeberio","nameEu":"Zeberio"},{"municipalityId":"134","provinceId":"20","nameEs":"Zegama","nameEu":"Zegama"},{"municipalityId":"135","provinceId":"20","nameEs":"Zerain","nameEu":"Zerain"},{"municipalityId":"136","provinceId":"20","nameEs":"Zestoa","nameEu":"Zestoa"},{"municipalityId":"250","provinceId":"48","nameEs":"Zierbena","nameEu":"Zierbena"},{"municipalityId":"50","provinceId":"1","nameEs":"Zigoitia","nameEu":"Zigoitia"},{"municipalityId":"531","provinceId":"31","nameEs":"Ziordia","nameEu":"Ziordia"},{"municipalityId":"251","provinceId":"48","nameEs":"Ziortza-Bolibar","nameEu":"Ziortza-Bolibar"},{"municipalityId":"532","provinceId":"31","nameEs":"Zizur Mayor/Zizur Nagusia","nameEu":"Zizur Mayor/Zizur Nagusia"},{"municipalityId":"137","provinceId":"20","nameEs":"Zizurkil","nameEu":"Zizurkil"},{"municipalityId":"533","provinceId":"31","nameEs":"Zubieta","nameEu":"Zubieta"},{"municipalityId":"534","provinceId":"31","nameEs":"Zugarramurdi","nameEu":"Zugarramurdi"},{"municipalityId":"51","provinceId":"1","nameEs":"Zuia","nameEu":"Zuia"},{"municipalityId":"138","provinceId":"20","nameEs":"Zumaia","nameEu":"Zumaia"},{"municipalityId":"139","provinceId":"20","nameEs":"Zumarraga","nameEu":"Zumarraga"},{"municipalityId":"506","provinceId":"31","nameEs":"Úcar","nameEu":"Úcar"}]}