[
	{
		"id": "abadino",
		"displayName": "Abadiño",
		"geoName": "Abadiño"
	},
	{
		"id": "abaltzisketa",
		"displayName": "Abaltzisketa",
		"geoName": "Abaltzisketa"
	},
	{
		"id": "abanto",
		"displayName": "Abanto y Ciérvana-Abanto Zierbena",
		"geoName": "Abanto Y Ciérvana-Abanto Zierbena"
	},
	{
		"id": "aduna",
		"displayName": "Aduna",
		"geoName": "Aduna"
	},
	{
		"id": "aia",
		"displayName": "Aia",
		"geoName": "Aia"
	},
	{
		"id": "aizarnazabal",
		"displayName": "Aizarnazabal",
		"geoName": "Aizarnazabal"
	},
	{
		"id": "ajangiz",
		"displayName": "Ajangiz",
		"geoName": "Ajangiz"
	},
	{
		"id": "albiztur",
		"displayName": "Albiztur",
		"geoName": "Albiztur"
	},
	{
		"id": "alegia",
		"displayName": "Alegia",
		"geoName": "Alegia"
	},
	{
		"id": "alegria",
		"displayName": "Alegría-Dulantzi",
		"geoName": "Alegría-Dulantzi"
	},
	{
		"id": "alkiza",
		"displayName": "Alkiza",
		"geoName": "Alkiza"
	},
	{
		"id": "alonsotegi",
		"displayName": "Alonsotegi",
		"geoName": "Alonsotegi"
	},
	{
		"id": "altzaga",
		"displayName": "Altzaga",
		"geoName": "Altzaga"
	},
	{
		"id": "altzo",
		"displayName": "Altzo",
		"geoName": "Altzo"
	},
	{
		"id": "amezketa",
		"displayName": "Amezketa",
		"geoName": "Amezketa"
	},
	{
		"id": "amorebieta",
		"displayName": "Amorebieta-Etxano",
		"geoName": "Amorebieta-Etxano"
	},
	{
		"id": "amoroto",
		"displayName": "Amoroto",
		"geoName": "Amoroto"
	},
	{
		"id": "amurrio",
		"displayName": "Amurrio",
		"geoName": "Amurrio"
	},
	{
		"id": "andoain",
		"displayName": "Andoain",
		"geoName": "Andoain"
	},
	{
		"id": "anoeta",
		"displayName": "Anoeta",
		"geoName": "Anoeta"
	},
	{
		"id": "antzuola",
		"displayName": "Antzuola",
		"geoName": "Antzuola"
	},
	{
		"id": "anana",
		"displayName": "Añana",
		"geoName": "Añana"
	},
	{
		"id": "arakaldo",
		"displayName": "Arakaldo",
		"geoName": "Arakaldo"
	},
	{
		"id": "arama",
		"displayName": "Arama",
		"geoName": "Arama"
	},
	{
		"id": "aramaio",
		"displayName": "Aramaio",
		"geoName": "Aramaio"
	},
	{
		"id": "arantzazu",
		"displayName": "Arantzazu",
		"geoName": "Arantzazu"
	},
	{
		"id": "areatza",
		"displayName": "Areatza",
		"geoName": "Areatza"
	},
	{
		"id": "aretxabaleta",
		"displayName": "Aretxabaleta",
		"geoName": "Aretxabaleta"
	},
	{
		"id": "arminon",
		"displayName": "Armiñón",
		"geoName": "Armiñón"
	},
	{
		"id": "arraia",
		"displayName": "Arraia-Maeztu",
		"geoName": "Arraia-Maeztu"
	},
	{
		"id": "arrankudiaga",
		"displayName": "Arrankudiaga",
		"geoName": "Arrankudiaga"
	},
	{
		"id": "arrasate",
		"displayName": "Arrasate/Mondragón",
		"geoName": "Arrasate/Mondragón"
	},
	{
		"id": "arratzu",
		"displayName": "Arratzu",
		"geoName": "Arratzu"
	},
	{
		"id": "arratzua",
		"displayName": "Arratzua-Ubarrundia",
		"geoName": "Arrazua-Ubarrundia"
	},
	{
		"id": "arrieta",
		"displayName": "Arrieta",
		"geoName": "Arrieta"
	},
	{
		"id": "arrigorriaga",
		"displayName": "Arrigorriaga",
		"geoName": "Arrigorriaga"
	},
	{
		"id": "artea",
		"displayName": "Artea",
		"geoName": "Artea"
	},
	{
		"id": "artzentales",
		"displayName": "Artzentales",
		"geoName": "Artzentales"
	},
	{
		"id": "artziniega",
		"displayName": "Artziniega",
		"geoName": "Artziniega"
	},
	{
		"id": "asparrena",
		"displayName": "Asparrena",
		"geoName": "Asparrena"
	},
	{
		"id": "asteasu",
		"displayName": "Asteasu",
		"geoName": "Asteasu"
	},
	{
		"id": "astigarraga",
		"displayName": "Astigarraga",
		"geoName": "Astigarraga"
	},
	{
		"id": "ataun",
		"displayName": "Ataun",
		"geoName": "Ataun"
	},
	{
		"id": "atxondo",
		"displayName": "Atxondo",
		"geoName": "Atxondo"
	},
	{
		"id": "aulesti",
		"displayName": "Aulesti",
		"geoName": "Aulesti"
	},
	{
		"id": "aiara",
		"displayName": "Ayala/Aiara",
		"geoName": "Ayala/Aiara"
	},
	{
		"id": "azkoitia",
		"displayName": "Azkoitia",
		"geoName": "Azkoitia"
	},
	{
		"id": "azpeitia",
		"displayName": "Azpeitia",
		"geoName": "Azpeitia"
	},
	{
		"id": "bakio",
		"displayName": "Bakio",
		"geoName": "Bakio"
	},
	{
		"id": "baliarrain",
		"displayName": "Baliarrain",
		"geoName": "Baliarrain"
	},
	{
		"id": "balmaseda",
		"displayName": "Balmaseda",
		"geoName": "Balmaseda"
	},
	{
		"id": "manueta",
		"displayName": "Baños de Ebro/Mañueta",
		"geoName": "Baños De Ebro/Mañueta"
	},
	{
		"id": "barakaldo",
		"displayName": "Barakaldo",
		"geoName": "Barakaldo"
	},
	{
		"id": "barrika",
		"displayName": "Barrika",
		"geoName": "Barrika"
	},
	{
		"id": "barrundia",
		"displayName": "Barrundia",
		"geoName": "Barrundia"
	},
	{
		"id": "basauri",
		"displayName": "Basauri",
		"geoName": "Basauri"
	},
	{
		"id": "beasain",
		"displayName": "Beasain",
		"geoName": "Beasain"
	},
	{
		"id": "bedia",
		"displayName": "Bedia",
		"geoName": "Bedia"
	},
	{
		"id": "beizama",
		"displayName": "Beizama",
		"geoName": "Beizama"
	},
	{
		"id": "belauntza",
		"displayName": "Belauntza",
		"geoName": "Belauntza"
	},
	{
		"id": "berango",
		"displayName": "Berango",
		"geoName": "Berango"
	},
	{
		"id": "berantevilla",
		"displayName": "Berantevilla",
		"geoName": "Berantevilla"
	},
	{
		"id": "berastegi",
		"displayName": "Berastegi",
		"geoName": "Berastegi"
	},
	{
		"id": "bergara",
		"displayName": "Bergara",
		"geoName": "Bergara"
	},
	{
		"id": "bermeo",
		"displayName": "Bermeo",
		"geoName": "Bermeo"
	},
	{
		"id": "bernedo",
		"displayName": "Bernedo",
		"geoName": "Bernedo"
	},
	{
		"id": "berriatua",
		"displayName": "Berriatua",
		"geoName": "Berriatua"
	},
	{
		"id": "berriz",
		"displayName": "Berriz",
		"geoName": "Berriz"
	},
	{
		"id": "berrobi",
		"displayName": "Berrobi",
		"geoName": "Berrobi"
	},
	{
		"id": "bilbao",
		"displayName": "Bilbao",
		"geoName": "Bilbao"
	},
	{
		"id": "busturia",
		"displayName": "Busturia",
		"geoName": "Busturia"
	},
	{
		"id": "kanpezu",
		"displayName": "Campezo/Kanpezu",
		"geoName": "Campezo/Kanpezu"
	},
	{
		"id": "deba",
		"displayName": "Deba",
		"geoName": "Deba"
	},
	{
		"id": "derio",
		"displayName": "Derio",
		"geoName": "Derio"
	},
	{
		"id": "dima",
		"displayName": "Dima",
		"geoName": "Dima"
	},
	{
		"id": "donostia",
		"displayName": "Donostia / San Sebastián",
		"geoName": "Donostia-San Sebastián"
	},
	{
		"id": "durango",
		"displayName": "Durango",
		"geoName": "Durango"
	},
	{
		"id": "ea",
		"displayName": "Ea",
		"geoName": "Ea"
	},
	{
		"id": "eibar",
		"displayName": "Eibar",
		"geoName": "Eibar"
	},
	{
		"id": "elantxobe",
		"displayName": "Elantxobe",
		"geoName": "Elantxobe"
	},
	{
		"id": "burgelu",
		"displayName": "Elburgo/Burgelu",
		"geoName": "Elburgo/Burgelu"
	},
	{
		"id": "elciego",
		"displayName": "Elciego",
		"geoName": "Elciego"
	},
	{
		"id": "elduain",
		"displayName": "Elduain",
		"geoName": "Elduain"
	},
	{
		"id": "elgeta",
		"displayName": "Elgeta",
		"geoName": "Elgeta"
	},
	{
		"id": "elgoibar",
		"displayName": "Elgoibar",
		"geoName": "Elgoibar"
	},
	{
		"id": "elorrio",
		"displayName": "Elorrio",
		"geoName": "Elorrio"
	},
	{
		"id": "bilar",
		"displayName": "Elvillar/Bilar",
		"geoName": "Elvillar/Bilar"
	},
	{
		"id": "erandio",
		"displayName": "Erandio",
		"geoName": "Erandio"
	},
	{
		"id": "ereno",
		"displayName": "Ereño",
		"geoName": "Ereño"
	},
	{
		"id": "ermua",
		"displayName": "Ermua",
		"geoName": "Ermua"
	},
	{
		"id": "errenteria",
		"displayName": "Errenteria",
		"geoName": "Errenteria"
	},
	{
		"id": "errezil",
		"displayName": "Errezil",
		"geoName": "Errezil"
	},
	{
		"id": "erriberagoitia",
		"displayName": "Erriberagoitia/Ribera Alta",
		"geoName": "Erriberagoitia/Ribera Alta"
	},
	{
		"id": "errigoiti",
		"displayName": "Errigoiti",
		"geoName": "Errigoiti"
	},
	{
		"id": "eskoriatza",
		"displayName": "Eskoriatza",
		"geoName": "Eskoriatza"
	},
	{
		"id": "etxebarri",
		"displayName": "Etxebarri",
		"geoName": "Etxebarri"
	},
	{
		"id": "etxebarria",
		"displayName": "Etxebarria",
		"geoName": "Etxebarria"
	},
	{
		"id": "ezkio",
		"displayName": "Ezkio-Itsaso",
		"geoName": "Ezkio-Itsaso"
	},
	{
		"id": "forua",
		"displayName": "Forua",
		"geoName": "Forua"
	},
	{
		"id": "fruiz",
		"displayName": "Fruiz",
		"geoName": "Fruiz"
	},
	{
		"id": "gabiria",
		"displayName": "Gabiria",
		"geoName": "Gabiria"
	},
	{
		"id": "gaintza",
		"displayName": "Gaintza",
		"geoName": "Gaintza"
	},
	{
		"id": "galdakao",
		"displayName": "Galdakao",
		"geoName": "Galdakao"
	},
	{
		"id": "galdames",
		"displayName": "Galdames",
		"geoName": "Galdames"
	},
	{
		"id": "gamiz",
		"displayName": "Gamiz-Fika",
		"geoName": "Gamiz-Fika"
	},
	{
		"id": "garai",
		"displayName": "Garai",
		"geoName": "Garai"
	},
	{
		"id": "gatika",
		"displayName": "Gatika",
		"geoName": "Gatika"
	},
	{
		"id": "gaztelu",
		"displayName": "Gaztelu",
		"geoName": "Gaztelu"
	},
	{
		"id": "gernika",
		"displayName": "Gernika-Lumo",
		"geoName": "Gernika-Lumo"
	},
	{
		"id": "getaria",
		"displayName": "Getaria",
		"geoName": "Getaria"
	},
	{
		"id": "getxo",
		"displayName": "Getxo",
		"geoName": "Getxo"
	},
	{
		"id": "gizaburuaga",
		"displayName": "Gizaburuaga",
		"geoName": "Gizaburuaga"
	},
	{
		"id": "gordexola",
		"displayName": "Gordexola",
		"geoName": "Gordexola"
	},
	{
		"id": "gorliz",
		"displayName": "Gorliz",
		"geoName": "Gorliz"
	},
	{
		"id": "guenes",
		"displayName": "Güeñes",
		"geoName": "Güeñes"
	},
	{
		"id": "harana",
		"displayName": "Harana/Valle de Arana",
		"geoName": "Harana/Valle De Arana"
	},
	{
		"id": "hernani",
		"displayName": "Hernani",
		"geoName": "Hernani"
	},
	{
		"id": "hernialde",
		"displayName": "Hernialde",
		"geoName": "Hernialde"
	},
	{
		"id": "hondarribia",
		"displayName": "Hondarribia",
		"geoName": "Hondarribia"
	},
	{
		"id": "ibarra",
		"displayName": "Ibarra",
		"geoName": "Ibarra"
	},
	{
		"id": "ibarrangelu",
		"displayName": "Ibarrangelu",
		"geoName": "Ibarrangelu"
	},
	{
		"id": "idiazabal",
		"displayName": "Idiazabal",
		"geoName": "Idiazabal"
	},
	{
		"id": "igorre",
		"displayName": "Igorre",
		"geoName": "Igorre"
	},
	{
		"id": "ikaztegieta",
		"displayName": "Ikaztegieta",
		"geoName": "Ikaztegieta"
	},
	{
		"id": "irun",
		"displayName": "Irun",
		"geoName": "Irun"
	},
	{
		"id": "irura",
		"displayName": "Irura",
		"geoName": "Irura"
	},
	{
		"id": "iruraiz",
		"displayName": "Iruraiz-Gauna",
		"geoName": "Iruraiz-Gauna"
	},
	{
		"id": "ispaster",
		"displayName": "Ispaster",
		"geoName": "Ispaster"
	},
	{
		"id": "itsasondo",
		"displayName": "Itsasondo",
		"geoName": "Itsasondo"
	},
	{
		"id": "iurreta",
		"displayName": "Iurreta",
		"geoName": "Iurreta"
	},
	{
		"id": "izurtza",
		"displayName": "Izurtza",
		"geoName": "Izurtza"
	},
	{
		"id": "kortezubi",
		"displayName": "Kortezubi",
		"geoName": "Kortezubi"
	},
	{
		"id": "kripan",
		"displayName": "Kripan",
		"geoName": "Kripan"
	},
	{
		"id": "kuartango",
		"displayName": "Kuartango",
		"geoName": "Kuartango"
	},
	{
		"id": "bastida",
		"displayName": "Labastida/Bastida",
		"geoName": "Labastida/Bastida"
	},
	{
		"id": "lagran",
		"displayName": "Lagrán",
		"geoName": "Lagrán"
	},
	{
		"id": "laguardia",
		"displayName": "Laguardia",
		"geoName": "Laguardia"
	},
	{
		"id": "lantziego",
		"displayName": "Lanciego/Lantziego",
		"geoName": "Lanciego/Lantziego"
	},
	{
		"id": "lanestosa",
		"displayName": "Lanestosa",
		"geoName": "Lanestosa"
	},
	{
		"id": "lantaron",
		"displayName": "Lantarón",
		"geoName": "Lantarón"
	},
	{
		"id": "larrabetzu",
		"displayName": "Larrabetzu",
		"geoName": "Larrabetzu"
	},
	{
		"id": "larraul",
		"displayName": "Larraul",
		"geoName": "Larraul"
	},
	{
		"id": "lasarte",
		"displayName": "Lasarte-Oria",
		"geoName": "Lasarte-Oria"
	},
	{
		"id": "laudio",
		"displayName": "Laudio/Llodio",
		"geoName": "Laudio/Llodio"
	},
	{
		"id": "laukiz",
		"displayName": "Laukiz",
		"geoName": "Laukiz"
	},
	{
		"id": "lazkao",
		"displayName": "Lazkao",
		"geoName": "Lazkao"
	},
	{
		"id": "leaburu",
		"displayName": "Leaburu",
		"geoName": "Leaburu"
	},
	{
		"id": "legazpi",
		"displayName": "Legazpi",
		"geoName": "Legazpi"
	},
	{
		"id": "legorreta",
		"displayName": "Legorreta",
		"geoName": "Legorreta"
	},
	{
		"id": "legutio",
		"displayName": "Legutio",
		"geoName": "Legutio"
	},
	{
		"id": "leioa",
		"displayName": "Leioa",
		"geoName": "Leioa"
	},
	{
		"id": "lekeitio",
		"displayName": "Lekeitio",
		"geoName": "Lekeitio"
	},
	{
		"id": "lemoa",
		"displayName": "Lemoa",
		"geoName": "Lemoa"
	},
	{
		"id": "lemoiz",
		"displayName": "Lemoiz",
		"geoName": "Lemoiz"
	},
	{
		"id": "leza",
		"displayName": "Leza",
		"geoName": "Leza"
	},
	{
		"id": "lezama",
		"displayName": "Lezama",
		"geoName": "Lezama"
	},
	{
		"id": "lezo",
		"displayName": "Lezo",
		"geoName": "Lezo"
	},
	{
		"id": "lizartza",
		"displayName": "Lizartza",
		"geoName": "Lizartza"
	},
	{
		"id": "loiu",
		"displayName": "Loiu",
		"geoName": "Loiu"
	},
	{
		"id": "mallabia",
		"displayName": "Mallabia",
		"geoName": "Mallabia"
	},
	{
		"id": "manaria",
		"displayName": "Mañaria",
		"geoName": "Mañaria"
	},
	{
		"id": "markina",
		"displayName": "Markina-Xemein",
		"geoName": "Markina-Xemein"
	},
	{
		"id": "maruri",
		"displayName": "Maruri-Jatabe",
		"geoName": "Maruri-Jatabe"
	},
	{
		"id": "mendaro",
		"displayName": "Mendaro",
		"geoName": "Mendaro"
	},
	{
		"id": "mendata",
		"displayName": "Mendata",
		"geoName": "Mendata"
	},
	{
		"id": "mendexa",
		"displayName": "Mendexa",
		"geoName": "Mendexa"
	},
	{
		"id": "menaka",
		"displayName": "Meñaka",
		"geoName": "Meñaka"
	},
	{
		"id": "morga",
		"displayName": "Morga",
		"geoName": "Morga"
	},
	{
		"id": "mundaka",
		"displayName": "Mundaka",
		"geoName": "Mundaka"
	},
	{
		"id": "mungia",
		"displayName": "Mungia",
		"geoName": "Mungia"
	},
	{
		"id": "munitibar",
		"displayName": "Munitibar-Arbatzegi Gerrikaitz",
		"geoName": "Munitibar-Arbatzegi Gerrikaitz"
	},
	{
		"id": "murueta",
		"displayName": "Murueta",
		"geoName": "Murueta"
	},
	{
		"id": "muskiz",
		"displayName": "Muskiz",
		"geoName": "Muskiz"
	},
	{
		"id": "mutiloa",
		"displayName": "Mutiloa",
		"geoName": "Mutiloa"
	},
	{
		"id": "mutriku",
		"displayName": "Mutriku",
		"geoName": "Mutriku"
	},
	{
		"id": "muxika",
		"displayName": "Muxika",
		"geoName": "Muxika"
	},
	{
		"id": "nabarniz",
		"displayName": "Nabarniz",
		"geoName": "Nabarniz"
	},
	{
		"id": "navaridas",
		"displayName": "Navaridas",
		"geoName": "Navaridas"
	},
	{
		"id": "oiartzun",
		"displayName": "Oiartzun",
		"geoName": "Oiartzun"
	},
	{
		"id": "okondo",
		"displayName": "Okondo",
		"geoName": "Okondo"
	},
	{
		"id": "olaberria",
		"displayName": "Olaberria",
		"geoName": "Olaberria"
	},
	{
		"id": "ondarroa",
		"displayName": "Ondarroa",
		"geoName": "Ondarroa"
	},
	{
		"id": "onati",
		"displayName": "Oñati",
		"geoName": "Oñati"
	},
	{
		"id": "ordizia",
		"displayName": "Ordizia",
		"geoName": "Ordizia"
	},
	{
		"id": "orendain",
		"displayName": "Orendain",
		"geoName": "Orendain"
	},
	{
		"id": "orexa",
		"displayName": "Orexa",
		"geoName": "Orexa"
	},
	{
		"id": "orio",
		"displayName": "Orio",
		"geoName": "Orio"
	},
	{
		"id": "ormaiztegi",
		"displayName": "Ormaiztegi",
		"geoName": "Ormaiztegi"
	},
	{
		"id": "orozko",
		"displayName": "Orozko",
		"geoName": "Orozko"
	},
	{
		"id": "ortuella",
		"displayName": "Ortuella",
		"geoName": "Ortuella"
	},
	{
		"id": "otxandio",
		"displayName": "Otxandio",
		"geoName": "Otxandio"
	},
	{
		"id": "oion",
		"displayName": "Oyón-Oion",
		"geoName": "Oyón-Oion"
	},
	{
		"id": "pasaia",
		"displayName": "Pasaia",
		"geoName": "Pasaia"
	},
	{
		"id": "urizaharra",
		"displayName": "Peñacerrada-Urizaharra",
		"geoName": "Peñacerrada-Urizaharra"
	},
	{
		"id": "plentzia",
		"displayName": "Plentzia",
		"geoName": "Plentzia"
	},
	{
		"id": "portugalete",
		"displayName": "Portugalete",
		"geoName": "Portugalete"
	},
	{
		"id": "agurain",
		"displayName": "Salvatierra/Agurain",
		"geoName": "Salvatierra/Agurain"
	},
	{
		"id": "samaniego",
		"displayName": "Samaniego",
		"geoName": "Samaniego"
	},
	{
		"id": "donemiliaga",
		"displayName": "San Millán/Donemiliaga",
		"geoName": "San Millán/Donemiliaga"
	},
	{
		"id": "santurtzi",
		"displayName": "Santurtzi",
		"geoName": "Santurtzi"
	},
	{
		"id": "segura",
		"displayName": "Segura",
		"geoName": "Segura"
	},
	{
		"id": "sestao",
		"displayName": "Sestao",
		"geoName": "Sestao"
	},
	{
		"id": "sondika",
		"displayName": "Sondika",
		"geoName": "Sondika"
	},
	{
		"id": "sopuerta",
		"displayName": "Sopuerta",
		"geoName": "Sopuerta"
	},
	{
		"id": "soraluze",
		"displayName": "Soraluze-Placencia de las Armas",
		"geoName": "Soraluze-Placencia De Las Armas"
	},
	{
		"id": "sukarrieta",
		"displayName": "Sukarrieta",
		"geoName": "Sukarrieta"
	},
	{
		"id": "tolosa",
		"displayName": "Tolosa",
		"geoName": "Tolosa"
	},
	{
		"id": "turtzioz",
		"displayName": "Trucios-Turtzioz",
		"geoName": "Trucios-Turtzioz"
	},
	{
		"id": "ubide",
		"displayName": "Ubide",
		"geoName": "Ubide"
	},
	{
		"id": "ugao",
		"displayName": "Ugao-Miraballes",
		"geoName": "Ugao-Miraballes"
	},
	{
		"id": "urduliz",
		"displayName": "Urduliz",
		"geoName": "Urduliz"
	},
	{
		"id": "urduna",
		"displayName": "Urduña/Orduña",
		"geoName": "Urduña/Orduña"
	},
	{
		"id": "urkabuskaiz",
		"displayName": "Urkabustaiz",
		"geoName": "Urkabustaiz"
	},
	{
		"id": "urnieta",
		"displayName": "Urnieta",
		"geoName": "Urnieta"
	},
	{
		"id": "urretxu",
		"displayName": "Urretxu",
		"geoName": "Urretxu"
	},
	{
		"id": "usurbil",
		"displayName": "Usurbil",
		"geoName": "Usurbil"
	},
	{
		"id": "gaubea",
		"displayName": "Valdegovía/Gaubea",
		"geoName": "Valdegovía/Gaubea"
	},
	{
		"id": "trapagaran",
		"displayName": "Valle de Trápaga-Trapagaran",
		"geoName": "Valle De Trápaga-Trapagaran"
	},
	{
		"id": "villabona",
		"displayName": "Villabona",
		"geoName": "Villabona"
	},
	{
		"id": "eskuernaga",
		"displayName": "Villabuena de Álava/Eskuernaga",
		"geoName": "Villabuena De Álava/Eskuernaga"
	},
	{
		"id": "gasteiz",
		"displayName": "Vitoria-Gasteiz",
		"geoName": "Vitoria-Gasteiz"
	},
	{
		"id": "tekora",
		"displayName": "Yécora/Iekora",
		"geoName": "Yécora/Lekora"
	},
	{
		"id": "zaldibar",
		"displayName": "Zaldibar",
		"geoName": "Zaldibar"
	},
	{
		"id": "zaldibia",
		"displayName": "Zaldibia",
		"geoName": "Zaldibia"
	},
	{
		"id": "zalduondo",
		"displayName": "Zalduondo",
		"geoName": "Zalduondo"
	},
	{
		"id": "zalla",
		"displayName": "Zalla",
		"geoName": "Zalla"
	},
	{
		"id": "zambrana",
		"displayName": "Zambrana",
		"geoName": "Zambrana"
	},
	{
		"id": "zamudio",
		"displayName": "Zamudio",
		"geoName": "Zamudio"
	},
	{
		"id": "zaratamo",
		"displayName": "Zaratamo",
		"geoName": "Zaratamo"
	},
	{
		"id": "zarautz",
		"displayName": "Zarautz",
		"geoName": "Zarautz"
	},
	{
		"id": "zeanuri",
		"displayName": "Zeanuri",
		"geoName": "Zeanuri"
	},
	{
		"id": "zeberio",
		"displayName": "Zeberio",
		"geoName": "Zeberio"
	},
	{
		"id": "zegama",
		"displayName": "Zegama",
		"geoName": "Zegama"
	},
	{
		"id": "zerain",
		"displayName": "Zerain",
		"geoName": "Zerain"
	},
	{
		"id": "zestoa",
		"displayName": "Zestoa",
		"geoName": "Zestoa"
	},
	{
		"id": "zierbena",
		"displayName": "Zierbena",
		"geoName": "Zierbena"
	},
	{
		"id": "zigoitia",
		"displayName": "Zigoitia",
		"geoName": "Zigoitia"
	},
	{
		"id": "ziortza",
		"displayName": "Ziortza-Bolibar",
		"geoName": "Ziortza-Bolibar"
	},
	{
		"id": "zizurkil",
		"displayName": "Zizurkil",
		"geoName": "Zizurkil"
	},
	{
		"id": "zuia",
		"displayName": "Zuia",
		"geoName": "Zuia"
	},
	{
		"id": "zumaia",
		"displayName": "Zumaia",
		"geoName": "Zumaia"
	},
	{
		"id": "zumarraga",
		"displayName": "Zumarraga",
		"geoName": "Zumarraga"
	},
		{
		"id": "sopelana",
		"displayName": "Sopela",
		"geoName": "Sopelana"
	},
		{
		"id": "lapuebla",
		"displayName": "Lapuebla de Labarca",
		"geoName": "Lapuebla De Labarca"
	},
		{
		"id": "moreda",
		"displayName": "Moreda de Álava/Moreda Araba",
		"geoName": "Moreda De Álava/Moreda Araba"
	},
		{
		"id": "bidegoian",
		"displayName": "Bidania-Goiatz",
		"geoName": "Bidegoian"
	},
		{
		"id": "oka",
		"displayName": "Iruña Oka/Iruña de Oca",
		"geoName": "Iruña Oka/Iruña De Oca"
	},
		{
		"id": "gautegiz",
		"displayName": "Gautegiz Arteaga",
		"geoName": "Gautegiz Arteaga"
	},
		{
		"id": "karrantza",
		"displayName": "Karrantza Harana/Valle de Carranza",
		"geoName": "Karrantza Harana/Valle De Carranza"
	},
		{
		"id": "leintz",
		"displayName": "Leintz Gatzaga",
		"geoName": "Leintz-Gatzaga"
	},
		{
		"id": "erriberabeitia",
		"displayName": "Ribera Baja/Erribera Beitia",
		"geoName": "Ribera Baja/Erribera Beitia"
	}
]